<?xml version="1.0" encoding="utf-8"?>
<!--/1946210/164519/2.50/7/4/Variable Resistor/-->
<quadcept_library>
  <setting unit="mil" />
  <textstyle name="Default" height="47.244094488189" strokewidth="7.8740157480315" charwidth="47.244094488189" />
  <textstyle name="Dimension" height="19.6850393700787" strokewidth="0" charwidth="19.6850393700787" />
  <textstyle name="H127W0635TH00762" height="50" strokewidth="3" charwidth="25" />
  <textstyle name="H15W15TH02" height="59.0551181102362" strokewidth="7.8740157480315" charwidth="59.0551181102362" />
  <padstyle name="c270_h180" surface="False" plated="True" isvia="False" nopaste="True" nomask="True" complex="False" holesize="70.866141732283">
    <padshape layer="TOP" shape="round" width="106.29921259842" height="106.29921259842" />
    <padshape layer="TOP_SOLDER_MASK" shape="round" width="114.17322834646" height="114.17322834646" />
    <padshape layer="INNER" shape="round" width="106.29921259842" height="106.29921259842" />
    <padshape layer="BOTTOM" shape="round" width="106.29921259842" height="106.29921259842" />
    <padshape layer="BOTTOM_SOLDER_MASK" shape="round" width="114.17322834646" height="114.17322834646" />
  </padstyle>
  <padstyle name="s195_h130" surface="False" plated="True" isvia="False" nopaste="True" nomask="True" complex="False" holesize="51.181102362204">
    <padshape layer="TOP" shape="square" width="76.771653543306" height="76.771653543306" />
    <padshape layer="TOP_SOLDER_MASK" shape="square" width="84.645669291338" height="84.645669291338" />
    <padshape layer="INNER" shape="square" width="76.771653543306" height="76.771653543306" />
    <padshape layer="BOTTOM" shape="square" width="76.771653543306" height="76.771653543306" />
    <padshape layer="BOTTOM_SOLDER_MASK" shape="square" width="84.645669291338" height="84.645669291338" />
  </padstyle>
  <padstyle name="c195_h130" surface="False" plated="True" isvia="False" nopaste="True" nomask="True" complex="False" holesize="51.181102362204">
    <padshape layer="TOP" shape="round" width="76.771653543306" height="76.771653543306" />
    <padshape layer="TOP_SOLDER_MASK" shape="round" width="84.645669291338" height="84.645669291338" />
    <padshape layer="INNER" shape="round" width="76.771653543306" height="76.771653543306" />
    <padshape layer="BOTTOM" shape="round" width="76.771653543306" height="76.771653543306" />
    <padshape layer="BOTTOM_SOLDER_MASK" shape="round" width="84.645669291338" height="84.645669291338" />
  </padstyle>
  <footprint name="PS6010MC1BR10K" originx="0" originy="0" pickpointx="0" pickpointy="0">
    <pcbpin number="1" name="1" style="s195_h130" originx="0" originy="0" rotation="90" />
    <pcbpin number="2" name="2" style="c195_h130" originx="0" originy="-137.79527559055" rotation="90" />
    <pcbpin number="3" name="3" style="c195_h130" originx="2905.5118110236" originy="0" rotation="90" />
    <pcbpin number="4" name="4" style="c270_h180" originx="169.29133858268" originy="-236.22047244094" rotation="90" />
    <pcbpin number="5" name="5" style="c270_h180" originx="216.53543307086" originy="98.425196850392" rotation="90" />
    <pcbpin number="6" name="6" style="c270_h180" originx="2688.9763779527" originy="98.425196850392" rotation="90" />
    <pcbpin number="7" name="7" style="c270_h180" originx="2736.2204724409" originy="-236.22047244094" rotation="90" />
    <line layer="TOP_ASSEMBLY" originx="-23.622047244094" originy="108.26771653543" endx="2929.1338582677" endy="108.26771653543" width="7.8740157480314" />
    <line layer="TOP_ASSEMBLY" originx="2929.1338582677" originy="108.26771653543" endx="2929.1338582677" endy="-246.06299212598" width="7.8740157480314" />
    <line layer="TOP_ASSEMBLY" originx="2929.1338582677" originy="-246.06299212598" endx="-23.622047244094" endy="-246.06299212598" width="7.8740157480314" />
    <line layer="TOP_ASSEMBLY" originx="-23.622047244094" originy="-246.06299212598" endx="-23.622047244094" endy="108.26771653543" width="7.8740157480314" />
    <line layer="TOP_PLACE_BOUND" originx="-77.75590551181" originy="190.94488188976" endx="2983.2677165354" endy="190.94488188976" width="3.9370078740157" />
    <line layer="TOP_PLACE_BOUND" originx="2983.2677165354" originy="190.94488188976" endx="2983.2677165354" endy="-328.74015748031" width="3.9370078740157" />
    <line layer="TOP_PLACE_BOUND" originx="2983.2677165354" originy="-328.74015748031" endx="-77.75590551181" endy="-328.74015748031" width="3.9370078740157" />
    <line layer="TOP_PLACE_BOUND" originx="-77.75590551181" originy="-328.74015748031" endx="-77.75590551181" endy="190.94488188976" width="3.9370078740157" />
    <line layer="TOP_SILKSCREEN" originx="291.33858267716" originy="108.26771653543" endx="2614.1732283464" endy="108.26771653543" width="3.9370078740157" />
    <line layer="TOP_SILKSCREEN" originx="2751.968503937" originy="108.26771653543" endx="2929.1338582677" endy="108.26771653543" width="3.9370078740157" />
    <line layer="TOP_SILKSCREEN" originx="2929.1338582677" originy="108.26771653543" endx="2929.1338582677" endy="49.212598425196" width="3.9370078740157" />
    <line layer="TOP_SILKSCREEN" originx="2929.1338582677" originy="-49.212598425196" endx="2929.1338582677" endy="-246.06299212598" width="3.9370078740157" />
    <line layer="TOP_SILKSCREEN" originx="2929.1338582677" originy="-246.06299212598" endx="2811.0236220472" endy="-246.06299212598" width="3.9370078740157" />
    <line layer="TOP_SILKSCREEN" originx="2661.4173228346" originy="-246.06299212598" endx="244.09448818897" endy="-246.06299212598" width="3.9370078740157" />
    <line layer="TOP_SILKSCREEN" originx="-23.622047244094" originy="-187.00787401575" endx="-23.622047244094" endy="-246.06299212598" width="3.9370078740157" />
    <line layer="TOP_SILKSCREEN" originx="-23.622047244094" originy="-246.06299212598" endx="94.488188976377" endy="-246.06299212598" width="3.9370078740157" />
    <line layer="TOP_SILKSCREEN" originx="133.85826771653" originy="108.26771653543" endx="-23.622047244094" endy="108.26771653543" width="3.9370078740157" />
    <line layer="TOP_SILKSCREEN" originx="-23.622047244094" originy="108.26771653543" endx="-23.622047244094" endy="49.212598425196" width="3.9370078740157" />
  </footprint>
  <symbol name="PS60-10MC1BR10K" originx="0" originy="0">
    <line originx="200" originy="300" endx="600" endy="300" width="0" />
    <line originx="600" originy="-400" endx="600" endy="300" width="0" />
    <line originx="600" originy="-400" endx="200" endy="-400" width="0" />
    <line originx="200" originy="300" endx="200" endy="-400" width="0" />
    <sympin number="1" originx="200" originy="0" rotation="180" length="100" width="7.8740157480315" flipped="False">
      <text name="pinname" originx="230" originy="0" style="Default" rotation="0" justify="left" flipped="False" hidden="False" data="1" />
      <text name="pindes" originx="140" originy="20" style="Default" rotation="0" justify="lowerright" flipped="False" hidden="False" data="1" />
    </sympin>
    <sympin number="2" originx="200" originy="-100" rotation="180" length="100" width="7.8740157480315" flipped="False">
      <text name="pinname" originx="230" originy="-100" style="Default" rotation="0" justify="left" flipped="False" hidden="False" data="2" />
      <text name="pindes" originx="140" originy="-80" style="Default" rotation="0" justify="lowerright" flipped="False" hidden="False" data="2" />
    </sympin>
    <sympin number="3" originx="600" originy="0" rotation="0" length="100" width="7.8740157480315" flipped="False">
      <text name="pinname" originx="570" originy="0" style="Default" rotation="0" justify="right" flipped="False" hidden="False" data="3" />
      <text name="pindes" originx="660" originy="20" style="Default" rotation="0" justify="lowerleft" flipped="False" hidden="False" data="3" />
    </sympin>
    <sympin number="4" originx="300" originy="-400" rotation="270" length="100" width="7.8740157480315" flipped="False">
      <text name="pinname" originx="300" originy="-370" style="Default" rotation="0" justify="left" flipped="False" hidden="False" data="4" />
      <text name="pindes" originx="280" originy="-460" style="Default" rotation="0" justify="lowerright" flipped="False" hidden="False" data="4" />
    </sympin>
    <sympin number="5" originx="300" originy="300" rotation="90" length="100" width="7.8740157480315" flipped="False">
      <text name="pinname" originx="300" originy="270" style="Default" rotation="0" justify="right" flipped="False" hidden="False" data="5" />
      <text name="pindes" originx="280" originy="360" style="Default" rotation="0" justify="lowerleft" flipped="False" hidden="False" data="5" />
    </sympin>
    <sympin number="6" originx="400" originy="300" rotation="90" length="100" width="7.8740157480315" flipped="False">
      <text name="pinname" originx="400" originy="270" style="Default" rotation="0" justify="right" flipped="False" hidden="False" data="6" />
      <text name="pindes" originx="380" originy="360" style="Default" rotation="0" justify="lowerleft" flipped="False" hidden="False" data="6" />
    </sympin>
    <sympin number="7" originx="400" originy="-400" rotation="270" length="100" width="7.8740157480315" flipped="False">
      <text name="pinname" originx="400" originy="-370" style="Default" rotation="0" justify="left" flipped="False" hidden="False" data="7" />
      <text name="pindes" originx="380" originy="-460" style="Default" rotation="0" justify="lowerright" flipped="False" hidden="False" data="7" />
    </sympin>
  </symbol>
  <component name="PS60-10MC1BR10K" designatorprefix="VR" height="590.55118110236" footprint="PS6010MC1BR10K">
    <comppin designator="1" sympin="1" pinswap="0" gateswap="0" gate="1" group="1" side="" type="Any" name="1" />
    <comppin designator="2" sympin="2" pinswap="0" gateswap="0" gate="1" group="1" side="" type="Any" name="2" />
    <comppin designator="3" sympin="3" pinswap="0" gateswap="0" gate="1" group="1" side="" type="Any" name="3" />
    <comppin designator="4" sympin="4" pinswap="0" gateswap="0" gate="1" group="1" side="" type="Any" name="4" />
    <comppin designator="5" sympin="5" pinswap="0" gateswap="0" gate="1" group="1" side="" type="Any" name="5" />
    <comppin designator="6" sympin="6" pinswap="0" gateswap="0" gate="1" group="1" side="" type="Any" name="6" />
    <comppin designator="7" sympin="7" pinswap="0" gateswap="0" gate="1" group="1" side="" type="Any" name="7" />
    <attached_symbol gate="1" name="PS60-10MC1BR10K" />
    <pinmap designator="1" footprintpin="1" />
    <pinmap designator="2" footprintpin="2" />
    <pinmap designator="3" footprintpin="3" />
    <pinmap designator="4" footprintpin="4" />
    <pinmap designator="5" footprintpin="5" />
    <pinmap designator="6" footprintpin="6" />
    <pinmap designator="7" footprintpin="7" />
    <text name="Datasheet" originx="0" originy="0" style="Default" rotation="0" justify="" flipped="False" hidden="True" data="" />
    <text name="Description" originx="0" originy="0" style="Default" rotation="0" justify="" flipped="False" hidden="True" data="Slide Potentiometers 10K ohm 20% 60mm Slide Potentiometer" />
    <text name="Mouser Part Number" originx="0" originy="0" style="Default" rotation="0" justify="" flipped="False" hidden="True" data="858-PS60-10MC1BR10K" />
    <text name="Mouser Price/Stock" originx="0" originy="0" style="Default" rotation="0" justify="" flipped="False" hidden="True" data="https://www.mouser.co.uk/ProductDetail/BI-Technologies-TT-Electronics/PS60-10MC1BR10K?qs=INZo0Duj8JSwSdfUIJGnCA%3D%3D" />
    <text name="Manufacturer_Name" originx="0" originy="0" style="Default" rotation="0" justify="" flipped="False" hidden="True" data="TT Electronics" />
    <text name="Manufacturer_Part_Number" originx="650" originy="400" style="Default" rotation="0" justify="left" flipped="False" hidden="False" data="PS60-10MC1BR10K" />
  </component>
</quadcept_library>
